Status,NHL Club Name,Requested change,Current Player Listed on Roster,New Player to be Listed (Full Name),Number,Position,Height,Weight,Birthplace (FLAG),Shoots/Catches (Left/Right),Birthday (YYYY-MM-DD),GP,Goals (G),Assists (A),Points (P),New Headshot link?,Notes
,Anaheim Ducks,Incorrect statistic,Cam Fowler,,,,,,,,,735,72,252,324,N/A,
,Anaheim Ducks,Incorrect statistic,Ryan Getzlaf,,,,,,,,,1101,279,703,982,N/A,
,Anaheim Ducks,Incorrect statistic,John Gibson,,,,,,,,,322,N/A,N/A,N/A,N/A,
,Anaheim Ducks,Incorrect statistic,Hampus Lindholm,,,,,,,,,521,52,148,200,N/A,
,Anaheim Ducks,Incorrect statistic,Rickard Rakell,,,,,,,,,499,138,173,311,N/A,
,Anaheim Ducks,Incorrect statistic,Jakob Silfverberg,,,,,,,,,605,146,161,307,N/A,
,Arizona Coyotes,Incorrect statistic,Clayton Keller,,,,,,,,,293,68,125,193,https://drive.google.com/file/d/1SoRoGf3EL0Z1Eo8bXu4zDq2Q51gZheDy/view?usp=sharing,
,Arizona Coyotes,Incorrect statistic,Christian Fischer,,,,,,,,,265,38,36,74,https://drive.google.com/file/d/1SnkjxtytquTWkkyjWxU95jNltgSAXgMq/view?usp=sharing,
,Arizona Coyotes,Roster list change,Oliver Ekman-Larsson,Jakob Chychrun,6,Defenseman,"6'2""",210,"Boca Raton, FL, USA",Left,1998-03-31,290,46,75,121,https://drive.google.com/file/d/1SgVxdSsJZOh9gOROP8YhYnJm8RpD8L2g/view?usp=sharing,
,Arizona Coyotes,Roster list change,Niklas Hialmarsson,Conor Timmins,25,Defenseman,"6'2""",185,"St. Catharines, ON, CAN",Right,1998-09-18,33,0,7,7,https://drive.google.com/file/d/1bxbP0P71pbIfKVlFRYy6cVAsBGDxKGF6/view?usp=sharing,
,Arizona Coyotes,Roster list change,Antti Raanta,Nick Schmaltz,40,Goalie,"6'0""",208,"Thunder Bay, ON, CAN",Left,1985-12-19,232,N/A,N/A,N/A,https://drive.google.com/file/d/1ShSsZO42hVw0ep-E3qlgs1Bzy7vP4C82/view?usp=sharing,
,Arizona Coyotes,Roster list change,Derek Stepan,Lawson Crouse,67,Left Wing,"6'4""",220,"Mt. Brydges, ON, CAN",Left,1997-06-23,281,36,40,76,https://drive.google.com/file/d/1SnrezYH3TkmcsYNuswonx_a88U9JKu3S/view?usp=sharing,
,Boston Bruins ,Incorrect statistic,Patrice Bergeron,,,,,,,,,1143,375,542,917,N/A,
,Boston Bruins ,Roster list change,David Krejci,Taylor Hall,,,,,,,,680,228,368,596,https://drive.google.com/file/d/1bwMpO7X-3HSwz1qxmkMWNAhP5-D1URRT/view?usp=sharing,
,Boston Bruins ,Incorrect statistic,Brad Marchand,,,,,,,,,804,319,396,715,N/A,
,Boston Bruins ,Incorrect statistic,Charlie Mcavoy,,,,,,,,,235,24,98,122,N/A,
,Boston Bruins ,Incorrect statistic,David Pastrnak,,,,,,,,,438,200,227,427,N/A,
,Boston Bruins ,Roster list change,Tuukka Rask,Brandon Carlo,,,,,,,,324,15,40,55,https://drive.google.com/file/d/1bps-c-bMiYFYXGPcYBBv6r6InNlIRPzS/view?usp=sharing,
,Buffalo Sabres,Incorrect statistic,Rasmus Dahlin,,,,,,,,,197,18,89,107,https://drive.google.com/file/d/1cqa3m16rRKLgmzbNVtP7aDRDm45AvXcA/view?usp=sharing,
,Buffalo Sabres,Incorrect statistic,Kyle Okposo,,,,,,,,,835,198,321,519,https://drive.google.com/file/d/1bOCC2uCik-31-D9Yp7SaDZymBujdYn-_/view?usp=sharing,
,Buffalo Sabres,Roster list change,Jack Eichel,Casey Mittelstadt,37,Center,"6'1""",196,"Eden Prairie, MN, USA",Left,1998-11-22,155,27,34,61,https://drive.google.com/file/d/1baUTY660d-ezbAzXEZImDq_SirbeR_OK/view?usp=sharing,
,Buffalo Sabres,Roster list change,Carter Hutton,Dylan Cozens,24,Center,"6'3""",188,"Whitehorse, YT, CAN",Right,2001-02-09,41,4,9,13,https://drive.google.com/file/d/1bibVC0ftEm1KTM7c5tZSKQR9rvpUr8a7/view?usp=sharing,
,Buffalo Sabres,Roster list change,Jake McCabe,Zemgus Girgensons,28,Left Wing,"6'2""",213,"Riga, LVA",Left,1994-01-05,489,61,77,138,https://drive.google.com/file/d/1bdKM3tM-3MWsT1f2pAu7tVZoHRUXG4PX/view?usp=sharing,
,Buffalo Sabres,Roster list change,Sam Reinhart,Victor Olofsson,71,Left Wing,"5'11""",182,"Ornskoldsvik, SWE",Left,1995-07-18,116,35,43,78,https://drive.google.com/file/d/1bF_JmpcPC0wgg3-yUBdhcA5jdvKXqZ_a/view?usp=sharing,
,Calgary Flames ,Roster list change,Mark Giordano,Noah Hanifin,55,Defencemen,"6'3""",215,"Boston, MA, USA",Left,1997-01-25,436,32,121,153,https://drive.google.com/file/d/1bGyL6mDTlRaR2OZgjRHeVgaULOpFOsfa/view?usp=sharing,
,Calgary Flames ,Roster list change,David Rittich,Jacob Markstrom,25,Goalie,"6'6""",206,"Gävle, SWE",Left,1990-01-31,315,N/A,N/A,N/A,https://drive.google.com/file/d/1bLGMEvLF4Lxg0zb8El3U9_KPTEyntQ__/view?usp=sharing,
,Calgary Flames ,Incorrect statistic,Sean Monahan,,23,Center,"6'2""",200,"Brampton, ON, CAN",Left,1994-10-12,591,204,235,439,N/A,
,Calgary Flames ,Incorrect statistic,Mikael Backlund,,,,,,,,,744,154,243,397,N/A,
,Calgary Flames ,Incorrect statistic,Johnny Gaudreau,,,,,,,,,520,170,324,494,N/A,
,Calgary Flames ,Incorrect statistic,Matthew Tkachuk ,,,,,,,,,349,110,168,278,N/A,
,Carolina Hurricanes ,Incorrect statistic,Sebastian Aho,,,,,,,,,366,145,175,320,N/A,
,Carolina Hurricanes ,Incorrect statistic,Brett Pesce,,,,,,,,,405,24,103,127,N/A,
,Carolina Hurricanes ,Incorrect statistic,Jaccob Slavin,,,,,,,,,429,32,134,166,N/A,
,Carolina Hurricanes ,Incorrect statistic,Jordan Staal,,,,,,,,,1014,241,334,575,N/A,
,Carolina Hurricanes ,Incorrect statistic,Andrei Svenchnikov,,,,,,,,,205,59,81,140,N/A,
,Carolina Hurricanes ,Incorrect statistic,Teuvo Teravinen,,,,,,,,,449,96,208,304,N/A,
,Chicago Blackhawks,Roster list change,Duncan Keith,Alex DeBrincat,12,Left Wing,"5'7""",165,"Farmington Hills, MI, USA",Right,1997-12-18,286,119,110,229,https://drive.google.com/file/d/1bDnEDiUxOyc3fy-z5BIsJ3_4dIHY5PCs/view?usp=sharing,
,Chicago Blackhawks,Roster list change,Brent Seabrook,Seth Jones,4,Defensemen,"6'4""",213,"Arlington, TX USA",Right,1994-10-3,580,65,221,286,https://drive.google.com/file/d/1b8S4MdaroSdcbv6w3H50VnGUxeU0cXJ5/view?usp=sharing,
,Chicago Blackhawks,Roster list change,Malcolm Subban,Marc-Andre Fleury,29,Goalie,"6'2""",185,"Sorel, QC, CAN",Left,1984-11-28,883,N/A,N/A,N/A,https://drive.google.com/file/d/1bDmJkA2_cUnSTLS0Vz44Is9SkhD7JRUJ/view?usp=sharing,
,Chicago Blackhawks,Incorrect statistic,Kirby Dach,,77,Center,"6'4""",197,Fort Saskatchewan,Right,2001-01-21,82,10,23,33,N/A,
,Chicago Blackhawks,Incorrect statistic,Patrick Kane,,88,Right Wing,"5'10""",177,"Buffalo, NY USA",Left,1988-11-19,1029,404,684,1088,N/A,
,Chicago Blackhawks,Incorrect statistic,Jonathan Towes ,,19,Center,"6'2""",201,"Winnipeg, MB, CAN",Left,1988-04-29,943,345,470,815,N/A,
,Colorado Avalanche,Roster list change,Philipp Grubauer,Darcy Kuemper,35,Goalie,"6'5""",215,"Saskatoon, SK, CAN",Left,1990-05-05,242,N/A,N/A,N/A,https://drive.google.com/file/d/1bC0NVHFz2qqPi7gXbd8kf6cDtx00IJ6h/view?usp=sharing ,
,Colorado Avalanche,Incorrect statistic,Samuel Girard,,49,Defenseman,"5'10""",170,"Roberval, QC, CAN",Left,1998-05-12,273,17,99,116,N/A,
,Colorado Avalanche,Incorrect statistic,Gabriel Landeskog, ,92,Left Wing,"6'1""",215,"Stockholm, SWE",Left,1992-11-23,687,218,294,512,N/A,
,Colorado Avalanche,Incorrect statistic,Nathan Mackinnon,,29,Center,"6'0""",200,"Halifax, NS, CAN",Right,1995-09-01,573,210,350,560,N/A,
,Colorado Avalanche,Incorrect statistic,Cale Makar,,8,Defenseman,5'11,187,"Calgary, AB, CAN",Right,1998-10-30,101,20,74,94,N/A,
,Colorado Avalanche,Incorrect statistic,Mikko Rantanen,,96,Right Wing,"6'4""",215,"Nousiainen, FIN",Left,1996-10-29,333,129,187,316,N/A,
,Columbus Blue Jackets,Incorrect statistic,Boone Jenner,,,,,,,,,530,121,119,240,N/A,
,Columbus Blue Jackets,Incorrect statistic,Zach Werenski,,,,,,,,,335,65,124,189,N/A,
,Columbus Blue Jackets,Incorrect statistic,Gustav Nyquist,,,,,,,,,570,146,202,348,N/A,
,Columbus Blue Jackets,Roster list change,Cam Atkinson,Jakub Voracek,93,Right Wing,"6'2""",214,"Kladno, CZE",Left,1989-08-15,968,216,522,738,https://drive.google.com/file/d/1aw-UQjmiDcxOZJ3dirvLHKKtuSyyNAam/view?usp=sharing ,
,Columbus Blue Jackets,Roster list change,Pierre-Luc Dubois,Oliver Bjorkstrand,28,Right Wing,"6'0""",177,"Herning, DNK",Right,1995-04-10,302,83,94,177,https://drive.google.com/file/d/1b7mfhEdhx0Mm2MH0MjbaD58Fmmk9tasl/view?usp=sharing ,
,Columbus Blue Jackets,Roster list change,Seth Jones,Sean Kuraly,7,Center,"6'2""",213,"Dublin, OH, USA",Left,1993-01-20,270,24,44,68,https://drive.google.com/file/d/1b5QWmkuqumrBBQbu9hoKOekK66lsTRuG/view?usp=sharing ,
,Dallas Stars,Incorrect statistic,Jamie Benn,,,,,,,,,866,311,412,723,N/A,
,Dallas Stars,Incorrect statistic,Ben Bishop,,,,,,,,,413,N/A,N/A,N/A,N/A,
,Dallas Stars,Incorrect statistic,Miro Heiskanen,,,,,,,,,205,28,67,95,N/A,
,Dallas Stars,Incorrect statistic,John Kingberg,,,,,,,,,478,65,262,327,N/A,
,Dallas Stars,Incorrect statistic,Alexander Radulov,,,,,,,,,453,140,206,346,N/A,
,Dallas Stars,Incorrect statistic,Tyler Seguin,,,,,,,,,744,281,356,637,N/A,
,Detroit Red Wings ,Roster list change,Jonathan Bernier,Alex Nedeljkovic,39,Goalie,"6'0""",203,"Parma, OH, USA",Left,1996-01-07,29,N/A,N/A,N/A,https://drive.google.com/file/d/1djxaNVkwgy3-X-SjUj4FheQk1Li-hQio/view?usp=sharing,
,Detroit Red Wings ,Roster list change,Franz Nielsen,Vladislav Namestnikov,92,Center,"6'0""",180,"Zhukovskiy, RUS",Left,1992-11-22,478,91,115,206,https://drive.google.com/file/d/1diPHlqLqDFNv3cwovVY1l92R9k1dmGot/view?usp=sharing,
,Detroit Red Wings ,Roster list change,Luke Glendening,Mark Staal,18,Defenseman,"6'4""",208,"Thunder Bay, ON, CAN",Left,1987-01-13,948,46,152,198,https://drive.google.com/file/d/1dobpL5wyLn8uHN30wC3PlmShK_aufYi6/view?usp=sharing,
,Detroit Red Wings ,Incorrect statistic,Tyler Bertuzzi,,,,,,,,,208,54,72,126,N/A,
,Detroit Red Wings ,Incorrect statistic,Filip Hronek,,,,,,,,,167,16,64,80,N/A,
,Detroit Red Wings ,Incorrect statistic,Dylan Larkin,,,,,,,,,433,116,173,289,N/A,
,Edmonton Oilers,Roster list change,Oscar Klefbom,Jess Puljujarvi ,13,Right Wing,"6'4""",201 Ib,"Alvkarleby, SWE",Right,1998-05-07,194,32,30,62,https://drive.google.com/file/d/1b4n4DRTqX0PATaNnA0qZnGxoxGhcUhjI/view?usp=sharing ,
,Edmonton Oilers,Roster list change,Mikko Koskinen,Darnell Nurse,25,Defenceman,"6'4""",221 Ib,"Hamilton, ON, CAN",Left,1995-02-04,406,45,112,157,https://drive.google.com/file/d/1ajAkQkdOC2mJY_7o849Yjdx1CX8S1z08/view?usp=sharing,
,Edmonton Oilers,Roster list change,Adam Larsson,Ryan Nugent-Hopkins,93,Left Wing,"6'0""",184 Ib,"Burnaby, BC, CAN",Left,1993-04-12,656,185,293,478,https://drive.google.com/file/d/1aehhJ4ttEnfYRIz9NJnbySVXBYKBJCU_/view?usp=sharing,
,Edmonton Oilers,Roster list change,James Neal,Kailer Yamamoto,56,Right Wing,"5'8""",152 Ib,"Spokane, WA",Right,1998-09-29,105,20,32,52,https://drive.google.com/file/d/1ak_rHPZDjBv3UQYFdwpHbEkdPVxPzq72/view?usp=sharing,
,Edmonton Oilers,Incorrect statistic,Leon Draisaitl,,,,,,,,,478,199,307,506,N/A,
,Edmonton Oilers,Incorrect statistic,Connor McDavid,,,,,,,,,407,195,379,574,N/A,
,Florida Panthers ,Roster list change,Keith Yandle,MacKenzie Weegar,52,Defenseman,6'0,200 lb,"Ottawa, ON",Right,1994-07-01,296,19,58,77,https://drive.google.com/file/d/1WYZ8UumV7uVTxGYO1kDWmrxO4d6se1rm/view?usp=sharing,
,Florida Panthers ,Incorrect statistic,Alexsander Barkov,,,,,,,,,529,181,284,465,N/A,
,Florida Panthers ,Incorrect statistic,Sergei Bobrovsky,,,,,,,,,538,524,297,180,N/A,
,Florida Panthers ,Incorrect statistic,Aaron Ekbald,,,,,,,,,493,82,152,234,N/A,
,Florida Panthers ,Incorrect statistic,Patric Hornqvist,,,,,,,,,814,252,260,512,N/A,
,Florida Panthers ,Incorrect statistic,Jonathan Huberdeau,,,,,,,,,591,168,330,498,N/A,
,Los Angeles Kings,Incorrect statistic,Dustin Brown,,,,,,,,,"1,232",316,368,684,N/A,
,Los Angeles Kings,Incorrect statistic,Drew Doughty ,,,,,,,,,975,125,411,536,N/A,
,Los Angeles Kings,Incorrect statistic,Alex Iaffalo,,,,,,,,,282,54,77,131,N/A,
,Los Angeles Kings,Incorrect statistic,Adrian Kempe,,,,,,,,,312,55,77,132,N/A,
,Los Angeles Kings,Incorrect statistic,Anze Kopitar,,,,,,,,,"1,129",346,654,"1,000",N/A,
,Los Angeles Kings,Roster list change,Jonathan Quick,Calvin Petersen,40,Goalie,"6'1""",185,"Waterloo, IA, USA",Right,1994-10-19,54,N/A,N/A,N/A,https://drive.google.com/file/d/1a_LdtEeKy6v1lLxXjX2Do2LVvaTUv5MX/view?usp=sharing,
,Minnesota Wild,Incorrect statistic,Matt Dumba,,,,,,,,,462,68,127,195,N/A,
,Minnesota Wild,Incorrect statistic,Kevin Fiala,,,,,,,,,337,91,107,198,N/A,
,Minnesota Wild,Incorrect statistic,Jared Spurgeon,,,,,,,,,707,89,216,305,N/A,
,Minnesota Wild,Incorrect statistic,Cam Talbot,,,,,,,,,347,N/A,N/A,N/A,N/A,
,Minnesota Wild,Roster list change,Zach Parise,,,,,,,,,,,,,,
,Minnesota Wild,Roster list change,Ryan Suter,,,,,,,,,,,,,,
,Nashville Predators,Incorrect statistic,Matt Duchene,,,,,,,,,827,251,351,602,https://drive.google.com/file/d/1E858f-ccv5ez7wfF9KflMva87sUHmWbw/view?usp=sharing,
,Nashville Predators,Incorrect statistic,Mattias Ekholm,,,,,,,,,586,51,168,219,https://drive.google.com/file/d/16A3VxKOAp5BmS8gi5iRoSlZIEAsE-glT/view?usp=sharing,
,Nashville Predators,Roster list change,Filip Forsberg,Mikael Granlund,64,Center,"5'10""",185,"Oulu, FIN",Left,1992-002-26,591,124,255,379,https://drive.google.com/file/d/1FbtY4n_Uwyu6rOYks66Hp-4IHzEnEZvM/view?usp=sharing,
,Nashville Predators,Incorrect statistic,Roman Josi,,,,,,,,,680,117,329,446,https://drive.google.com/file/d/1-6qHoD50V8Tl1A7NmJ8iKPAGwANQlvLU/view?usp=sharing,
,Nashville Predators,Roster list change,Ryan Ellis,Juuse Saros,74,Goalie,"5'11""",180,"Forssa, FIN",Left,1995-04-19,155,N/A,N/A,N/A,https://drive.google.com/file/d/13hTiCfdir0FvETiGVAkDi72oi4LkuKUb/view?usp=sharing,
,Nashville Predators,Roster list change,Pekka Rinne,Ryan Johansen,92,Center,"6'3""",218,"Vancouver, BC, CAN",Right,1992-07-31,708,151,313,464,https://drive.google.com/file/d/12j9vW01eQzZA-oughv3_4elgM1aVNqt2/view?usp=sharing,
,New Jersey Devils ,Incorrect statistic,Mackenzie Blackwood,,,,,,,,,,,,,N/A,
,New Jersey Devils ,Incorrect statistic,Nico Hischier,,,,,,,,,,,,,N/A,
,New Jersey Devils ,Incorrect statistic,Jack Hughes,,,,,,,,,,,,,N/A,
,New Jersey Devils ,Roster list change,Kyle Palmieri,,,,,,,,,,,,,,
,New Jersey Devils ,Incorrect statistic,PK Subban,,,,,,,,,,,,,N/A,
,New Jersey Devils ,Roster list change,Travis Zajac,,,,,,,,,,,,,,
,New York Islanders,Incorrect statistic,Josh Bailey,,,,,,,,,919,162,349,511,N/A,
,New York Islanders,Incorrect statistic,Mathew Barzal,,,,,,,,,289,76,176,252,N/A,
,New York Islanders,Incorrect statistic,Anders Lee,,,,,,,,,520,184,136,320,N/A,
,New York Islanders,Incorrect statistic,Brock Nelson,,,,,,,,,604,168,160,328,N/A,
,New York Islanders,Incorrect statistic,JG Pageau,,,,,,,,,489,103,109,212,N/A,
,New York Islanders,Roster list change,Nick Leddy,Cal Clutterbuck,15,Right Wing,"6'0""",212,"Welland, ON, CAN",Right,1987-11-18,874,124,123,247,https://drive.google.com/file/d/1ad6Qskaiy81Nc8RHV2VvxGteSlIprcgD/view?usp=sharing,
,New York Rangers,Incorrect statistic,Adam Fox,,,,,,,,,125,13,76,89,N/A,
,New York Rangers,Incorrect statistic,Chris Kreider,,,,,,,,,573,177,169,346,N/A,
,New York Rangers,Incorrect statistic,Artemi Panarin,,,,,,,,,433,165,308,473,N/A,
,New York Rangers,Incorrect statistic,Igor Shesterkin,,,,,,,,,47,N/A,N/A,N/A,N/A,
,New York Rangers,Incorrect statistic,Mike Zibanejad,,,,,,,,,604,200,234,434,N/A,
,New York Rangers,Roster list change,Kaapo Kakko,Alexis Lafrenière,13,Left Wing,"6'2""",196,"St-Eustache, QC, CAN",Left,2001-10-11,56,12,9,21,https://drive.google.com/file/d/1aVy_RQZ1QnIuU5ABQv_tZidqMr-Vx6UJ/view?usp=sharing,
,Ottawa Senators,Roster list change,Erik Gudbranson,Drake Batherson,44,Defencemen,"6'5""",217 lb,"Ottawa, ON, CAN",Right,1992-01-07,518,20,53,73,https://drive.google.com/file/d/1dp7QnEuatVmyoEA4R-oUFWsEhPJhyKVl/view?usp=sharing,
,Ottawa Senators,Roster list change,Christian Wolanin ,Tim Stützle,24,Defencemen,"6'2""",185 lb,"Quebec City, QB, CAN",Left,1995-03-17,43,5,10,15,https://drive.google.com/file/d/1dyY69H-f7Ag8RT7CmfXVaDRb2TOtTodA/view?usp=sharing,
,Ottawa Senators,Incorrect statistic,Matt Murray,,30,Goaltender,"6'4""",178 Ib,"Thunder Bay, ON, CAN",Left,1994-05-25,226,N/A,N/A,N/A,N/A,
,Ottawa Senators,Incorrect statistic,Brady Tkachuk,,7,Left Wing,"6'4""",211 Ib,"Scottsdale, AZ, USA",Left,1999-09-16,198,60,65,125,N/A,
,Ottawa Senators,Incorrect statistic,Colin White,,36,Centerman,"6'1""",197 Ib,"Boston, MA, USA",Right,1997-01-30,200,33,55,88,N/A,
,Ottawa Senators,Incorrect statistic,Thomas Chabot,,72,Defencemen,"6'2""",190 Ib,"Sainte-Marie, QC, CAN",Left,1997-01-30,254,35,115,150,N/A,
,Philadelphia Flyers ,Incorrect statistic,Sean Courtier ,,,,,,,,,692,174,269,443,N/A,
,Philadelphia Flyers ,Incorrect statistic,Claude Giroux ,,,,,,,,,943,273,585,858,N/A,
,Philadelphia Flyers ,Incorrect statistic,Carter Hart,,,,,,,,,101,N/A,N/A,N/A,N/A,
,Philadelphia Flyers ,Incorrect statistic,Kevin Hayes,,,,,,,,,505,127,174,301,N/A,
,Philadelphia Flyers ,Incorrect statistic,Ivan Provorov,,,,,,,,,371,50,109,159,N/A,
,Philadelphia Flyers ,Roster list change,Jakub Vorachek,Scott Laughton,21,Centerman,"6'1""",190 Ib,"Oakville, ON, CAN",Left,1994-05-30,374,53,73,126,https://drive.google.com/file/d/1aZ7TiYSxFmgXOUJF7ZLZgbjqF6XsGleC/view?usp=sharing,
,Pittsburgh Penguins ,Incorrect statistic,Sidney Crosby,,,,,,,,,1039,486,839,183,N/A,
,Pittsburgh Penguins ,Incorrect statistic,Kris Letang ,,,,,,,,,863,134,448,582,N/A,
,Pittsburgh Penguins ,Incorrect statistic,Jake Guentzel,,,,,,,,,299,121,136,257,N/A,
,Pittsburgh Penguins ,Incorrect statistic,Brian Dumoulin,,,,,,,,,388,15,81,96,N/A,
,Pittsburgh Penguins ,Incorrect statistic,Euvgeni Malkin,,,,,,,,,940,424,680,1104,N/A,
,Pittsburgh Penguins ,Incorrect statistic,Tristan Jarry,,,,,,,,,101,0,0,0,N/A,
,San Jose Sharks,Incorrect statistic,Brent Burns,,,,,,,,,1169,217,506,723,N/A,
,San Jose Sharks,Incorrect statistic,Logan Couture,,,,,,,,,768,273,304,577,N/A,
,San Jose Sharks,Incorrect statistic,Tomas Hertl,,,,,,,,,503,151,172,323,N/A,
,San Jose Sharks,Incorrect statistic,Erik Karlson,,,,,,,,,788,143,482,625,N/A,
,San Jose Sharks,Roster list change,Martin Jones,Timo Meier,28,Right Wing,"6'0""",210,"Herisau, CHE",Left,1996-10-08,317,88,100,188,https://drive.google.com/file/d/1c0TbFoinTvK1hzez2yYGXMRryweGkubG/view?usp=sharing,
,San Jose Sharks,Roster list change,Evander Kane,,,Goalie,,,,,,,N/A,N/A,N/A,,
,Seattle Kraken,Roster list change,Jordan Eberle,,7,Right Wing,"5'11""",187 lb,"Regina, SK, CAN",Right,1990-05-15,779,241,310,551,https://drive.google.com/file/d/1cMJnHio_iAScPiz4p221f0HcruxrvWIQ/view?usp=sharing,
,Seattle Kraken,Roster list change,Yanni Gourde,,37,Center,"5'9""",173 lb,"Saint-Narcisse, QC, CAN",Left,1991-12-15,310,80,107,187,https://drive.google.com/file/d/1cIH1TGGTIhYy2ho-7vuy-qJzUn8F2R9b/view?usp=sharing,
,Seattle Kraken,Roster list change,Jaden Schwartz,,17,Center,"5'10""",190 lb,"Wilcox, SK, CAN",Left,1992-06-25,560,154,231,385,https://drive.google.com/file/d/1cH7zflAODXc6ANylVd-5SybYGhRXWqT7/view?usp=sharing ,
,Seattle Kraken,Roster list change,Mark Giordano,,5,Defensemen,"6'1""",200 lb,"Toronto, ON, CAN",Left,1983-10-03,949,143,366,509,https://drive.google.com/file/d/1cNKq6sA7UFNJIuukbXT5CPZc3pZ-5WuH/view?usp=sharing,
,Seattle Kraken,Roster list change,Adam Larsson,,6,Defensemen,"6'3""",208 lb,"Skelleftea, SWE",Right,1992-11-12,603,25,112,137,https://drive.google.com/file/d/1cFZuK_zY9pmcBB4p2FxNRw1mBBoAUtJY/view?usp=sharing ,
,Seattle Kraken,Roster list change,Phillip Grubauer,,31,Goalie,"6'1""",188 lb,"Rosenheim, DEU",Left,1991-11-25,214,N/A,N/A,N/A,https://drive.google.com/file/d/1cJi1MImxmcUzlR9iiiYzP9z8oBHgr44X/view?usp=sharing,
,St. Louis Blues,Incorrect statistic,Torey Krug,,,,,,,,,574,69,300,369,N/A,
,St. Louis Blues,Incorrect statistic,Ryan O'Reilly,,,,,,,,,860,219,395,614,N/A,
,St. Louis Blues,Incorrect statistic,Colton Parayko,,,,,,,,,418,41,130,171,N/A,
,St. Louis Blues,Incorrect statistic,Brayden Schenn,,,,,,,,,714,195,271,466,N/A,
,St. Louis Blues,Incorrect statistic,Robert Thomas,,,,,,,,,169,22,65,87,N/A,
,St. Louis Blues,Roster list change,Jaden Schwartz,Justin Faulk,72,Defenseman,"6'0""",217,"South St. Paul, MN, USA",Right,1992-03-20,684,97,202,299,https://drive.google.com/file/d/1xxLSgKxBkY72jjVmqwGS1hogAzmp8zFA/view?usp=sharing,
,Tampa Bay Lightning ,Incorrect statistic,Victor Heman,,,,,,,,,816,114,404,518,N/A,
,Tampa Bay Lightning ,Incorrect statistic,Nikita Kucherov,,,,,,,,,515,221,326,547,N/A,
,Tampa Bay Lightning ,Incorrect statistic,Ryan McDonagh ,,,,,,,,,712,67,244,311,N/A,
,Tampa Bay Lightning ,Incorrect statistic,Brayden Point,,,,,,,,,351,139,171,310,N/A,
,Tampa Bay Lightning ,Incorrect statistic,Steven Stamkos,,,,,,,,,,,,,N/A,
,Tampa Bay Lightning ,Incorrect statistic,Andrei Vasilevsky,,,,,,,,,,,,,N/A,
,Toronto Maple Leafs,Roster list change,Frederick Andersen,Mitch Marner,16,Right Wing,"6'0""",175 lb,"Markham, ON, CAN",Right,1997-05-05,355,103,255,358,TBD,
,Toronto Maple Leafs,Roster list change,Zach Hyman,Jack Campell,36,Goalie,"6'4""",197 lb,"Port Huron, MI, USA",Left,1992-01-09,86,N/A,N/A,N/A,TBD,
,Toronto Maple Leafs,Incorrect statistic,Justin Holl,,3,Defencemen,"6'4""",210 lb,"Tonka Bay, MN, USA",Right,1991-01-30,136,6,35,41,n/a,
,Toronto Maple Leafs,Incorrect statistic,Auston Matthews,,34,Centerman,"6'3""",220 lb,"San Ramon, CA, USA",Left,1997-09-17,334,199,152,351,n/a,
,Toronto Maple Leafs,Incorrect statistic,Morgan Rielly,,44,Defencemen,"6'1""",219 lb,"Vancouver, BC, CAN",Left,1994-03-09,572,59,246,305,N/A,
,Toronto Maple Leafs,Incorrect statistic,John Tavares,,91,Centerman,"6'1""",215 lb,"Mississauga, ON, CAN",Left,1990-09-20,870,364,455,819,N/A,
,Vancouver Canucks ,Incorrect statistic,Brock Boeser,,6,Right Wing,"6'1""",208 Ib,"Burnsville, MN, USA",Right,1997-02-25,253,98,112,210,N/A,
,Vancouver Canucks ,Incorrect statistic,Thatcher Demko,,35,Goalie,"6'4""",192 Ib,"San Diego, CA, USA",Left,1995-08-12,72,N/A,N/A,N/A,N/A,
,Vancouver Canucks ,Roster list change,Alex Edler,J.T. Miller,9,Centerman,"6'1""",218 Ib,"East Palestine, OH, USA",Left,1993-03-14,557,137,218,355,https://drive.google.com/file/d/1cCMAgFuNKTsA8FZv9da8kgbKQ1Nf-1g5/view?usp=sharing ,
,Vancouver Canucks ,Incorrect statistic,Bo Horvat,,53,Centerman,"6'0""",215 Ib,"London, ON, CAN",Left,1995-04-05,502,139,175,314,N/A,
,Vancouver Canucks ,Incorrect statistic,Quinn Hughes,,43,Defencemen,"5'10""",180 Ib,"Orlando, FL, USA",Left,1999-10-14,129,11,86,97,N/A,
,Vancouver Canucks ,Incorrect statistic,Elias Pettersson,,40,Centerman,"6'2""",176 Ib,"Sundsvall, SWE",Left,1998-11-1998,165,65,88,153,N/A,
,Vegas Golden Knights,Incorrect statistic,Jonathan Marchessault,,,,,,,,,404,130,165,295,N/A,
,Vegas Golden Knights,Incorrect statistic,Brayden McNabb,,,,,,,,,507,20,78,98,N/A,
,Vegas Golden Knights,Incorrect statistic,Reilly Smith,,,,,,,,,630,158,221,379,N/A,
,Vegas Golden Knights,Incorrect statistic,Mark Stone,,,,,,,,,504,170,276,446,N/A,
,Vegas Golden Knights,Incorrect statistic,Shea Theodore,,,,,,,,,317,44,127,171,N/A,
,Vegas Golden Knights,Roster list change,Marc-Andre Fleury,Max Pacioretty,67,Left Wing,"6'2""",215,"New Canaan, CT, USA",Left,1988-11-20,811,304,301,605,https://drive.google.com/file/d/1cSbl9_C8tzlU85-Kx549HRdznZdCBF6A/view?usp=sharing ,
,Washington Capitals ,Incorrect statistic,Nicklas Backstrom,,,,,,,,,1011,258,722,980,N/A,
,Washington Capitals ,Incorrect statistic,John Carlson ,,,,,,,,,809,115,407,522,N/A,
,Washington Capitals ,Incorrect statistic,Michael Kempy,,,,,,,,,232,14,47,61,N/A,
,Washington Capitals ,Incorrect statistic,TJ Oshie,,,,,,,,,856,260,350,610,N/A,
,Washington Capitals ,Incorrect statistic,Alex Ovechkin,,,,,,,,,1197,730,590,1320,N/A,
,Washington Capitals ,Incorrect statistic,Tom,,,,,,,,,569,91,130,221,N/A,
,Winnipeg Jets,Incorrect statistic,Connor Hellebuyck,,,,,,,,,315,N/A,N/A,N/A,N/A,
,Winnipeg Jets,Roster list change,Patrik Laine,Nikolaj Ehlers,27,Left Wing,"6'0""",172 Ib,"Aalborg, DNK",Left,1996-02-14,416,136,167,303,https://drive.google.com/file/d/1co5XW29LEfUjLEbvO7o8NPjmpydNLeyY/view?usp=sharing ,
,Winnipeg Jets,Incorrect statistic,Adam Lowry,,17,Centerman,"6'5""",210 Ib,"St. Louis, MO USA",Left,1993-03-29,460,67,80,147,N/A,
,Winnipeg Jets,Incorrect statistic,Josh Morrissey,,44,Defencemen,"6'0""",195 Ib,"Calgary, AB, CAN",Left,1995-03-28,344,28,101,129,N/A,
,Winnipeg Jets,Incorrect statistic,Mark Scheifele,,55,Centerman,"6'3""",207 Ib,"Kitchener, ON, CAN",Right,1993-03-15,575,201,306,507,N/A,
,Winnipeg Jets,Incorrect statistic,Blake Wheeler,,,,,,,,,981,279,528,807,N/A,